Run Number,Std Dev (Position),Success Rate,Optimization Run,Model Name,Scale,HSV_V, Test_model,opt_success,acq_fn
run_82,33.316936,0.000000,28,yolo173.pt,0.9,0.9
run_83,26.585358,0.000000,30,yolo175.pt,0.9,0.9,yolo175.pt,N/A
run_84,35.379409,0.000000,30,yolo175.pt,0.9,0.9,yolo175.pt,'True'
run_85,0.693959,1.000000,30,yolo175.pt,0.9,0.9,yolo175.pt,'True'
run_86,35.338548,0.000000,30,yolo175.pt,0.9,0.9,yolo175.pt,'True'
run_87,0.002455,0.500000,30,yolo175.pt,0.9,0.9,yolo175.pt,'True'
run_88,22.049000,0.000000,31,yolo176.pt,0.1,0.5,yolo176.pt,N/A
run_89,15.365121,0.000000,32,yolo177.pt,0.1,0.5,yolo177.pt,N/A
run_90,13.733876,0.600000,32,yolo178.pt,0.1,0.1,yolo178.pt,'True'
run_91,13.699470,0.500000,33,yolo180.pt,0.1,0.5,yolo180.pt,N/A
run_92,35.952073,0.000000,33,yolo181.pt,0.1,0.1,yolo181.pt,'True'
run_93,15.464434,0.800000,33,yolo182.pt,0.5,0.9,yolo182.pt,'True'
run_94,1.427201,0.700000,33,yolo183.pt,0.9,0.1,yolo183.pt,'True'
run_95,6.311228,0.600000,34,yolo184.pt,0.38095238095238093,0.9523809523809523,yolo184.pt,N/A
run_96,29.889419,0.000000,35,yolo185.pt,0.47619047619047616,0.7619047619047619,yolo185.pt,N/A
run_97,1.018225,0.900000,36,yolo186.pt,0.5238095238095237,1.0,yolo186.pt,N/A
run_98,30.654004,0.000000,36,yolo187.pt,0.5714285714285714,1.0,yolo187.pt,'True'
run_99,25.318683,0.400000,36,yolo188.pt,0.7142857142857142,0.0,yolo188.pt,'True'
run_100,37.200868,0.300000,36,yolo189.pt,1.0,0.23809523809523808,yolo189.pt,'True'
run_101,19.751180,0.800000,36,yolo190.pt,1.0,0.0,yolo190.pt,'True'
run_102,30.496475,0.400000,36,yolo191.pt,0.9523809523809523,0.0,yolo191.pt,'True'
run_103,27.097672,0.200000,36,yolo192.pt,0.38095238095238093,1.0,yolo192.pt,'True'
run_104,23.917679,0.400000,36,yolo193.pt,0.6666666666666666,0.23809523809523808,yolo193.pt,'True'
run_105,30.215493,0.500000,36,yolo194.pt,0.38095238095238093,0.0,yolo194.pt,'True'
run_106,32.177092,0.500000,36,yolo195.pt,0.0,0.8571428571428571,yolo195.pt,'True'
run_107,20.130785,0.000000,36,yolo196.pt,0.38095238095238093,0.23809523809523808,yolo196.pt,'True'
run_108,26.259395,0.200000,36,yolo197.pt,1.0,0.047619047619047616,yolo197.pt,'True'
run_109,0.870761,1.000000,36,yolo198.pt,0.8095238095238095,0.23809523809523808,yolo198.pt,'True'
run_110,18.979600,0.000000,36,yolo199.pt,0.8095238095238095,0.3333333333333333,yolo199.pt,'True'
run_111,28.164455,0.100000,36,yolo200.pt,0.8095238095238095,0.14285714285714285,yolo200.pt,'True'
run_112,1.142915,0.900000,37,yolo201.pt,0.1,0.5,yolo201.pt,N/A
run_113,37.719415,0.000000,37,yolo202.pt,0.1,0.1,yolo202.pt,'True'
run_114,20.798035,0.400000,37,yolo203.pt,0.5,0.9,yolo203.pt,'True'
run_115,17.105287,0.700000,37,yolo204.pt,0.9,0.1,yolo204.pt,'True'
run_116,1.359458,1.000000,37,yolo205.pt,0.5,0.5,yolo205.pt,'True'
run_117,6.192857,0.600000,37,yolo206.pt,0.3333333333333333,0.5238095238095237,yolo206.pt,'True'
run_118,26.265160,0.600000,37,yolo207.pt,0.6666666666666666,0.42857142857142855,yolo207.pt,'True'
run_119,16.000972,0.000000,37,yolo208.pt,0.0,0.6666666666666666,yolo208.pt,'True'
run_120,23.806962,0.700000,37,yolo209.pt,0.6190476190476191,0.6666666666666666,yolo209.pt,'True'
run_121,1.737244,0.500000,37,yolo210.pt,0.0,0.38095238095238093,yolo210.pt,'True'
run_122,34.831771,0.100000,37,yolo211.pt,0.47619047619047616,0.2857142857142857,yolo211.pt,'True'
run_123,25.204937,0.600000,37,yolo212.pt,1.0,1.0,yolo212.pt,'True'
run_124,4.099865,0.800000,37,yolo213.pt,1.0,0.3333333333333333,yolo213.pt,'True'
run_125,28.585294,0.300000,37,yolo214.pt,1.0,0.6190476190476191,yolo214.pt,'True'
run_126,29.906794,0.200000,37,yolo215.pt,1.0,0.0,yolo215.pt,'True'
run_127,20.847701,0.600000,37,yolo216.pt,0.5238095238095237,0.5714285714285714,yolo216.pt,'True'
run_128,39.427979,0.200000,37,yolo217.pt,0.7619047619047619,1.0,yolo217.pt,'True'
run_129,34.898080,0.100000,37,yolo218.pt,0.8571428571428571,0.2857142857142857,yolo218.pt,'True'
run_130,31.846988,0.400000,37,yolo219.pt,0.7142857142857142,0.0,yolo219.pt,'True'
run_131,14.992241,0.800000,37,yolo220.pt,0.23809523809523808,1.0,yolo220.pt,'True'
run_132,35.083097,0.000000,37,yolo221.pt,0.047619047619047616,1.0,yolo221.pt,'True'
run_133,0.990395,1.000000,37,yolo222.pt,0.3333333333333333,1.0,yolo222.pt,'True'
run_134,17.014713,0.700000,37,yolo223.pt,0.38095238095238093,1.0,yolo223.pt,'True'
run_135,20.959727,0.500000,37,yolo224.pt,0.19047619047619047,0.42857142857142855,yolo224.pt,'True'
run_136,6.539311,0.100000,37,yolo225.pt,0.2857142857142857,0.8571428571428571,yolo225.pt,'True'
run_137,17.196243,0.600000,37,yolo226.pt,0.5714285714285714,0.5238095238095237,yolo226.pt,'True'
run_138,36.238648,0.100000,37,yolo227.pt,1.0,0.19047619047619047,yolo227.pt,'True'
run_139,21.417497,0.300000,37,yolo228.pt,0.2857142857142857,1.0,yolo228.pt,'True'
run_140,22.156340,0.500000,37,yolo229.pt,1.0,0.42857142857142855,yolo229.pt,'True'
run_141,18.506033,0.300000,37,yolo230.pt,0.7142857142857142,0.6190476190476191,yolo230.pt,'True'
run_142,1.389758,0.300000,39,yolo232.pt,0.1,0.5,yolo232.pt,N/A
run_143,24.352107,0.700000,40,yolo233.pt,0.1,0.5,yolo233.pt,N/A
run_144,12.823234,0.000000,40,yolo234.pt,0.1,0.1,yolo234.pt,'True'
run_145,1.807527,1.000000,40,yolo235.pt,0.5,0.9,yolo235.pt,'True'
run_146,9.548426,0.700000,40,yolo236.pt,0.9,0.1,yolo236.pt,'True'
run_147,2.288719,0.800000,40,yolo237.pt,0.5,0.5,yolo237.pt,'True'
run_148,10.980549,0.600000,40,yolo238.pt,0.38095238095238093,0.8095238095238095,yolo238.pt,'True'
run_149,18.036924,0.500000,40,yolo239.pt,0.6666666666666666,0.9523809523809523,yolo239.pt,'True'
run_150,2.545795,0.100000,40,yolo240.pt,0.42857142857142855,1.0,yolo240.pt,'True'
run_151,17.456330,0.300000,40,yolo241.pt,0.6190476190476191,0.7142857142857142,yolo241.pt,'True'
run_152,11.782893,0.800000,40,yolo242.pt,0.5714285714285714,0.23809523809523808,yolo242.pt,'True'
run_153,1.598207,0.800000,40,yolo243.pt,1.0,0.2857142857142857,yolo243.pt,'True'
run_154,26.177029,0.700000,40,yolo244.pt,1.0,0.3333333333333333,yolo244.pt,'True'
run_155,20.533507,0.200000,40,yolo245.pt,1.0,0.0,yolo245.pt,'True'
run_156,4.905390,0.600000,40,yolo246.pt,1.0,0.5714285714285714,yolo246.pt,'True'
run_157,2.890452,0.700000,40,yolo247.pt,0.7142857142857142,0.42857142857142855,yolo247.pt,'True'
run_158,20.870899,0.000000,40,yolo248.pt,0.6666666666666666,0.42857142857142855,yolo248.pt,'True'
run_159,6.373048,0.300000,40,yolo249.pt,0.0,0.9047619047619047,yolo249.pt,'True'
run_160,13.898810,0.700000,40,yolo250.pt,1.0,0.6190476190476191,yolo250.pt,'True'
run_161,31.705067,0.500000,40,yolo251.pt,1.0,0.6666666666666666,yolo251.pt,'True'
run_162,0.971698,1.000000,40,yolo252.pt,1.0,0.42857142857142855,yolo252.pt,'True'
run_163,0.595821,1.000000,40,yolo253.pt,1.0,0.47619047619047616,yolo253.pt,'True'
run_164,2.160437,0.800000,40,yolo254.pt,1.0,0.5238095238095237,yolo254.pt,'True'
run_165,15.547818,0.600000,40,yolo255.pt,1.0,0.38095238095238093,yolo255.pt,'True'
run_166,23.383593,0.700000,40,yolo256.pt,0.9523809523809523,0.47619047619047616,yolo256.pt,'True'
run_167,0.551581,1.000000,40,yolo257.pt,0.9523809523809523,0.5238095238095237,yolo257.pt,'True'
run_168,1.237805,1.000000,40,yolo258.pt,1.0,0.7142857142857142,yolo258.pt,'True'
run_169,8.397548,0.900000,40,yolo259.pt,1.0,0.7619047619047619,yolo259.pt,'True'
run_170,0.934698,1.000000,40,yolo260.pt,1.0,0.8095238095238095,yolo260.pt,'True'
run_171,1.398965,0.900000,40,yolo261.pt,1.0,0.9047619047619047,yolo261.pt,'True'
run_172,7.487891,0.900000,40,yolo262.pt,1.0,0.9523809523809523,yolo262.pt,'True'
run_173,0.672506,1.000000,40,yolo262.pt,1.0,0.9523809523809523,yolo260.pt,'True'
run_174,1.007440,0.900000,41,yolo263.pt,0.1,0.5,yolo260.pt,N/A
run_175,1.023463,1.000000,41,yolo264.pt,0.1,0.1,yolo260.pt,'True'
run_176,0.585893,1.000000,41,yolo265.pt,0.5,0.9,yolo260.pt,'True'
run_177,7.762480,0.900000,41,yolo266.pt,0.9,0.1,yolo260.pt,'True'
run_178,2.570921,0.900000,41,yolo267.pt,0.5,0.5,yolo260.pt,'True'
run_179,0.800921,1.000000,41,yolo268.pt,0.09523809523809523,0.14285714285714285,yolo260.pt,'True'
run_180,1.185853,1.000000,41,yolo269.pt,0.09523809523809523,0.19047619047619047,yolo260.pt,'True'
run_181,0.942550,1.000000,41,yolo270.pt,0.14285714285714285,0.19047619047619047,yolo260.pt,'True'
run_182,0.691730,1.000000,41,yolo271.pt,0.14285714285714285,0.14285714285714285,yolo260.pt,'True'
run_183,0.561822,1.000000,41,yolo272.pt,0.14285714285714285,0.23809523809523808,yolo260.pt,'True'
run_184,0.652489,1.000000,41,yolo273.pt,0.23809523809523808,0.19047619047619047,yolo260.pt,'True'
run_185,1.287425,1.000000,41,yolo274.pt,0.2857142857142857,0.19047619047619047,yolo260.pt,'True'
run_186,8.369999,0.900000,41,yolo275.pt,0.23809523809523808,0.14285714285714285,yolo260.pt,'True'
run_187,19.241065,0.900000,41,yolo276.pt,0.23809523809523808,0.23809523809523808,yolo260.pt,'True'
run_188,0.723864,1.000000,41,yolo277.pt,0.19047619047619047,0.19047619047619047,yolo260.pt,'True'
run_189,0.699634,1.000000,41,yolo278.pt,0.19047619047619047,0.23809523809523808,yolo260.pt,'True'
run_190,2.166512,0.800000,41,yolo279.pt,0.2857142857142857,0.23809523809523808,yolo260.pt,'True'
run_191,0.484562,1.000000,41,yolo280.pt,0.19047619047619047,0.14285714285714285,yolo260.pt,'True'
run_192,0.784643,1.000000,41,yolo281.pt,0.14285714285714285,0.09523809523809523,yolo260.pt,'True'
run_193,0.554539,1.000000,41,yolo282.pt,0.09523809523809523,0.09523809523809523,yolo260.pt,'True'
run_194,18.401958,0.900000,41,yolo283.pt,0.047619047619047616,0.14285714285714285,yolo260.pt,'True'
run_195,1.383734,0.900000,41,yolo284.pt,0.19047619047619047,0.09523809523809523,yolo260.pt,'True'
run_196,18.373306,0.800000,41,yolo285.pt,0.09523809523809523,0.23809523809523808,yolo260.pt,'True'
run_197,0.445640,1.000000,41,yolo286.pt,0.23809523809523808,0.09523809523809523,yolo260.pt,'True'
run_198,24.704180,0.000000,42,yolo288.pt,0.1,0.5,yolo288.pt,N/A
run_199,15.114634,0.600000,42,yolo288.pt,0.1,0.5,yolo171.pt,'False'
run_200,15.001706,0.700000,42,yolo288.pt,0.1,0.5,yolo171.pt,'False'
run_201,0.824185,0.900000,42,yolo288.pt,0.1,0.5,yolo260.pt,'False'
run_202,20.569971,0.400000,42,yolo288.pt,0.1,0.5,yolo260.pt,'False'
run_203,21.254148,0.100000,42,yolo288.pt,0.1,0.5,yolo171.pt,'False'
run_204,24.312884,0.533333,43,yolo289.pt,0.1,0.5,yolo289.pt,N/A
run_205,17.250975,0.266667,43,yolo290.pt,0.1,0.1,yolo290.pt,'True'
run_206,19.611644,0.733333,43,yolo291.pt,0.5,0.9,yolo291.pt,'True'
run_207,17.916426,0.400000,43,yolo292.pt,0.9,0.1,yolo292.pt,'True'
run_208,20.850006,0.666667,43,yolo293.pt,0.5,0.5,yolo293.pt,'True'
run_209,9.806848,0.666667,43,yolo294.pt,0.7619047619047619,0.7142857142857142,yolo294.pt,'True'
run_210,8.815212,0.200000,43,yolo295.pt,0.14285714285714285,0.9523809523809523,yolo295.pt,'True'
run_211,8.150934,0.133333,43,yolo296.pt,0.7619047619047619,1.0,yolo296.pt,'True'
run_212,16.956733,0.533333,43,yolo297.pt,1.0,0.5238095238095237,yolo297.pt,'True'
run_213,16.532638,0.000000,43,yolo298.pt,0.42857142857142855,0.7142857142857142,yolo298.pt,'True'
run_214,16.218849,0.733333,43,yolo299.pt,0.5714285714285714,0.2857142857142857,yolo299.pt,'True'
run_215,9.653518,0.200000,43,yolo300.pt,0.7142857142857142,0.47619047619047616,yolo300.pt,'True'
run_216,2.240097,0.200000,43,yolo301.pt,0.38095238095238093,0.3333333333333333,yolo301.pt,'True'
run_217,4.243809,0.466667,43,yolo302.pt,0.6190476190476191,0.0,yolo302.pt,'True'
run_218,16.543398,0.400000,43,yolo303.pt,1.0,0.7619047619047619,yolo303.pt,'True'
run_219,11.273898,0.000000,43,yolo304.pt,0.47619047619047616,1.0,yolo304.pt,'True'
run_220,17.266113,0.333333,43,yolo305.pt,0.0,0.6666666666666666,yolo305.pt,'True'
run_221,21.063906,0.666667,43,yolo306.pt,0.6190476190476191,0.8095238095238095,yolo306.pt,'True'
run_222,17.341980,0.466667,43,yolo307.pt,0.0,0.38095238095238093,yolo307.pt,'True'
run_223,15.071096,0.466667,43,yolo308.pt,1.0,0.2857142857142857,yolo308.pt,'True'
run_224,9.456775,0.200000,43,yolo309.pt,0.38095238095238093,0.0,yolo309.pt,'True'
run_225,25.995820,0.000000,43,yolo310.pt,0.0,0.0,yolo310.pt,'True'
run_226,15.638589,0.000000,43,yolo311.pt,0.6666666666666666,0.19047619047619047,yolo311.pt,'True'
run_227,18.543805,0.333333,43,yolo312.pt,1.0,0.0,yolo312.pt,'True'
run_228,1.654227,0.933333,43,yolo313.pt,0.5238095238095237,0.38095238095238093,yolo313.pt,'True'
run_229,10.251250,0.733333,43,yolo314.pt,0.5238095238095237,0.42857142857142855,yolo314.pt,'True'
run_230,13.215416,0.400000,43,yolo315.pt,0.5714285714285714,0.38095238095238093,yolo315.pt,'True'
run_231,19.941130,0.000000,43,yolo316.pt,0.0,1.0,yolo316.pt,'True'
run_232,22.671251,0.733333,43,yolo317.pt,0.6666666666666666,0.8095238095238095,yolo317.pt,'True'
run_233,12.510325,0.533333,43,yolo318.pt,0.7142857142857142,0.8095238095238095,yolo318.pt,'True'
run_234,2.739002,0.866667,43,yolo318.pt,0.7142857142857142,0.8095238095238095,yolo313.pt,'True'
run_235,nan,0.000000,43,yolo318.pt,0.7142857142857142,0.8095238095238095,yolo313.pt,'True'
run_236,nan,0.000000,43,yolo318.pt,0.7142857142857142,0.8095238095238095,yolo313.pt,'True'
run_237,nan,0.000000,44,yolo319.pt,0.1,0.5,yolo313.pt,N/A
run_238,nan,0.000000,44,yolo319.pt,0.1,0.5,yolo313.pt,'False'
run_239,nan,0.000000,44,yolo319.pt,0.1,0.5,yolo313.pt,'False'
run_240,nan,0.000000,44,yolo319.pt,0.1,0.5,yolo313.pt,'False'
run_241,nan,0.000000,44,yolo319.pt,0.1,0.5,yolo313.pt,'False'
run_242,nan,0.000000,44,yolo319.pt,0.1,0.5,yolo313.pt,'False'
run_243,nan,0.000000,44,yolo319.pt,0.1,0.5,yolo313.pt,'False'
run_244,nan,0.000000,44,yolo319.pt,0.1,0.5,yolo313.pt,'False'
run_245,nan,0.000000,44,yolo319.pt,0.1,0.5,yolo313.pt,'False'
run_16,nan,0.200000,44,yolo319.pt,0.1,0.5,yolo313.pt,'False'
run_246,nan,0.000000,44,yolo319.pt,0.1,0.5,yolo313.pt,'False'
run_247,nan,0.000000,44,yolo319.pt,0.1,0.5,yolo313.pt,'False'
run_248,nan,0.000000,44,yolo319.pt,0.1,0.5,yolo313.pt,'False'
run_249,nan,0.000000,44,yolo319.pt,0.1,0.5,yolo313.pt,'False'
run_250,nan,0.000000,44,yolo319.pt,0.1,0.5,yolo313.pt,'False'
run_251,1.373053,1.000000,44,yolo319.pt,0.1,0.5,yolo313.pt,'False'
run_252,1.461254,0.000000,44,yolo319.pt,0.1,0.5,yolo313.pt,'False'
run_253,1.412563,0.000000,44,yolo319.pt,0.1,0.5,yolo313.pt,'False'
run_254,16.807685,0.000000,44,yolo319.pt,0.1,0.5,yolo313.pt,'False'
run_255,12.381839,0.000000,44,yolo319.pt,0.1,0.5,yolo313.pt,'False'
run_256,25.158473,0.000000,44,yolo319.pt,0.1,0.5,yolo313.pt,'False'
run_257,2.222623,0.000000,47,yolo320.pt,0.38095238095238093,0.7619047619047619,yolo313.pt,'False'
run_258,0.522452,1.000000,47,yolo320.pt,0.38095238095238093,0.7619047619047619,yolo313.pt,'False'
run_259,27.212849,0.000000,48,yolo321.pt,N/A,N/A,N/A,N/A
run_260,56.397252,0.333333,N/A,N/A,N/A,N/A,yolo320.pt,N/A,N/A
run_261,3.295166,0.000000,N/A,N/A,N/A,N/A,yolo320.pt,N/A,N/A
run_262,1.353331,0.000000,N/A,N/A,N/A,N/A,yolo320.pt,N/A,N/A
run_263,1.370548,0.000000,N/A,N/A,N/A,N/A,yolo320.pt,N/A,N/A
run_264,38.541516,0.000000,N/A,N/A,N/A,N/A,yolo320.pt,N/A,N/A
run_265,nan,0.000000,N/A,N/A,N/A,N/A,yolo320.pt,N/A,N/A
run_266,52.022702,0.666667,1,yolo333.pt,0.1,0.5,yolo333.pt,N/A,N/A
run_267,0.855999,0.000000,1,yolo334.pt,0.1,0.1,yolo334.pt,'True',UCB
run_268,48.004871,0.600000,2,yolo336.pt,0.1,0.5,yolo336.pt,N/A,N/A
run_269,24.924811,0.000000,2,yolo338.pt,0.1,0.1,yolo338.pt,'True',UCB
run_270,23.373488,0.000000,2,yolo340.pt,0.5,0.9,yolo340.pt,'True',UCB
run_271,0.846430,0.733333,2,yolo341.pt,0.9,0.1,yolo341.pt,'True',UCB
run_272,0.446200,1.000000,2,yolo342.pt,0.5,0.5,yolo342.pt,'True',UCB
run_273,21.261769,0.000000,11,yolo344.pt,0.1,0.5,yolo344.pt,N/A,N/A
run_274,22.329085,0.000000,12,yolo346.pt,0.1,0.5,yolo346.pt,'False',N/A
run_17,0.000000,0.000000,16,yolo350.pt,0.1,0.1,yolo350.pt,'False',N/A,'True'
